{"cameraMode":{"drawMode":0,"name":"Shaded","section":"Shading Mode"},"sceneLighting":true,"audioPlay":false,"sceneViewState":{"m_AlwaysRefresh":false,"showFog":true,"showSkybox":true,"showFlares":true,"showImageEffects":true,"showParticleSystems":true,"showVisualEffectGraphs":true,"m_FxEnabled":true},"in2DMode":false,"pivot":{"x":48.526912689208987,"y":12.928718566894532,"z":62.54096221923828},"rotation":{"x":0.08168375492095947,"y":0.9092200994491577,"z":-0.21326464414596559,"w":0.34815913438796999},"size":14.29587173461914,"orthographic":false}